{
  "BOILER_A1": {
    "watch": 0.5407400333881378,
    "high": 1.0,
    "crit": 1.000001
  },
  "BOILER_A2": {
    "watch": 0.6034670865535734,
    "high": 1.0,
    "crit": 1.000001
  },
  "BOILER_B1": {
    "watch": 0.4982749599218368,
    "high": 1.0,
    "crit": 1.000001
  },
  "BOILER_B2": {
    "watch": 0.5923900222778319,
    "high": 1.0,
    "crit": 1.000001
  },
  "REACTOR_C1": {
    "watch": 0.9205922549962997,
    "high": 1.0,
    "crit": 1.000001
  },
  "REACTOR_C2": {
    "watch": 0.9143616843223572,
    "high": 1.0,
    "crit": 1.000001
  }
}